zone,m2,sum,count,min,max,mean
1.00000000,9504402.60006288,272.35056739,"1425",0.00000000,20.65204811,0.19112321
3.00000000,24244563.82542356,173.95185135,"3635",0.00000000,36.85403442,0.04785470
4.00000000,14093194.87293534,176.29414555,"2113",0.00000000,14.90098763,0.08343310
2.00000000,18341829.57906871,622.22375470,"2750",0.00000000,23.13719559,0.22626318
