zone,sum
"1.00000000","272.35056739"
"3.00000000","173.95185135"
"4.00000000","176.29414555"
"2.00000000","622.22375470"
